-- --------------------------------------------------
-- Popolamento
-- --------------------------------------------------

INSERT INTO AreaGeografica (Stato) VALUES
('Stati Uniti'),
('Cina'),
('Giappone'),
('Germania'),
('Regno Unito'),
('Francia'),
('India'),
('Brasile'),
('Italia'),
('Canada'),
('Corea del Sud'),
('Russia'),
('Australia'),
('Spagna'),
('Messico'),
('Indonesia'),
('Olanda'),
('Turchia'),
('Svizzera'),
('Arabia Saudita'),
('Svezia'),
('Polonia'),
('Belgio'),
('Argentina'),
('Norvegia'),
('Austria'),
('Danimarca'),
('Sudafrica'),
('Finlandia'),
('Emirati Arabi Uniti'),
('Colombia'),
('Thailandia'),
('Egitto'),
('Portogallo'),
('Grecia'),
('Malaysia'),
('Filippine'),
('Singapore'),
('Israele'),
('Pakistan'),
('Bangladesh'),
('Vietnam'),
('Irlanda'),
('Nigeria'),
('Ungheria'),
('Cile'),
('Repubblica Ceca'),
('Nuova Zelanda');

INSERT INTO Genere (Descrizione) VALUES 
('Action'),
('Avventura'),
('Animazione'),
('Commedia'),
('Crime'),
('Documentario'),
('Drammatico'),
('Family'),
('Fantasy'),
('Noir'),
('Horror'),
('Musical'),
('Psicologico'),
('Romantico'),
('Fantascienza'),
('Thriller'),
('Guerra'),
('Giallo'),
('Western');

INSERT INTO Abbonamento (Tipo, Tariffa, Durata, VM, FilmDisponibili, MaxOre, MaxGB) VALUES 
('Basic', 10, 30, NULL, NULL, 100, 20),
('Premium', 15, 30, NULL, NULL, 130, 25),
('Pro', 20, 30, 14, NULL, 150, 30),
('Deluxe', 40, 60, 16, NULL, 300, 60),
('Ultimate', 60, 60, 18, NULL, NULL, NULL);

INSERT INTO Film (Titolo, Durata, Descrizione, RatingAssoluto, StatoProduzione, AnnoProduzione) VALUES
('Il Padrino', 175, 'Un capolavoro del cinema sulla mafia italo-americana.', 9.2, 'Stati Uniti', 1972),
('Forrest Gump', 142, 'La straordinaria vita di un uomo semplice.', 8.8, 'Stati Uniti', 1994),
('Matrix', 136, 'Un hacker scopre la verità su una realtà simulata da computer.', 8.7, 'Stati Uniti', 1999),
('Inception', 148, 'Un ladro entra nei sogni altrui per rubare informazioni.', 8.8, 'Stati Uniti', 2010),
('Schindler''s List', 195, 'La storia vera di un uomo che salva centinaia di ebrei durante l''Olocausto.', 8.9, 'Stati Uniti', 1993),
('Interstellar', 169, 'Un gruppo di astronauti viaggia attraverso un wormhole per trovare una nuova casa per l''umanità.', 8.6, 'Stati Uniti', 2014),
('La La Land', 128, 'Un musical moderno ambientato a Los Angeles.', 8.0, 'Stati Uniti', 2016),
('Il Gladiatore', 155, 'Un generale romano diventa schiavo e poi gladiatore per vendicare la morte della sua famiglia.', 8.5, 'Stati Uniti', 2000),
('Il Re Leone', 118, 'Un giovane leone deve affrontare la sua destinazione di diventare re dopo la morte di suo padre.', 8.5, 'Stati Uniti', 1994),
('Forrest Gump', 142, 'La straordinaria vita di un uomo semplice.', 8.8, 'Stati Uniti', 1994),
('La dolce vita', 174, 'La vita mondana e decadente di un giornalista a Roma.', 8.0, 'Italia', 1960),
('La vita è bella', 116, 'Una toccante storia di amore e sopravvivenza durante l''Olocausto.', 8.6, 'Italia', 1997),
('Cinema Paradiso', 155, 'La storia di un ragazzo e del suo amore per il cinema nel sud Italia.', 8.5, 'Italia', 1988),
('Il sorpasso', 105, 'Un viaggio in auto attraverso l''Italia con due uomini molto diversi.', 8.3, 'Italia', 1962),
('Il postino', 108, 'L''amicizia tra un postino e il poeta Pablo Neruda in una piccola isola italiana.', 7.7, 'Italia', 1994),
('La grande bellezza', 142, 'Un viaggio nel mondo dell''alta società romana.', 7.8, 'Italia', 2013),
('Nuovo Cinema Paradiso', 124, 'Le memorie di un regista che torna nel suo paese natale in Sicilia.', 8.5, 'Italia', 1988),
('Roma città aperta', 103, 'La resistenza italiana durante l''occupazione nazista di Roma.', 8.1, 'Italia', 1945),
('Divorzio allitaliana', 105, 'Un uomo cerca di ottenere il divorzio dalla sua noiosa moglie in Sicilia.', 7.6, 'Italia', 1961),
('Ladri di biciclette', 89, 'Un padre di famiglia disoccupato cerca disperatamente il suo mezzo di sostentamento.', 8.3, 'Italia', 1948),
('Amélie', 122, 'Una giovane donna parigina cerca di migliorare la vita delle persone intorno a lei.', 8.3, 'Francia', 2001),
('Il favoloso mondo di Amélie', 122, 'Una giovane donna parigina cerca di migliorare la vita delle persone intorno a lei.', 8.3, 'Francia', 2001),
('La vita di Adele', 180, 'Una storia d''amore appassionata tra due donne.', 7.7, 'Francia', 2013),
('Léon', 110, 'Un sicario addestra una giovane ragazza nell''arte dell''assassinio.', 8.5, 'Francia', 1994),
('La Haine', 98, 'La vita di tre giovani in periferia di Parigi.', 8.1, 'Francia', 1995),
('La doppia vita di Veronique', 98, 'La storia interconnessa di due donne identiche a Parigi e a Cracovia.', 7.9, 'Francia', 1991),
('Blue Is the Warmest Color', 180, 'Una storia d''amore appassionata tra due donne.', 7.7, 'Francia', 2013),
('Il favoloso mondo di Amélie', 122, 'Una giovane donna parigina cerca di migliorare la vita delle persone intorno a lei.', 8.3, 'Francia', 2001),
('La Haine', 98, 'La vita di tre giovani in periferia di Parigi.', 8.1, 'Francia', 1995),
('La doppia vita di Veronique', 98, 'La storia interconnessa di due donne identiche a Parigi e a Cracovia.', 7.9, 'Francia', 1991),
('Spirited Away', 125, 'Una ragazza si ritrova in un mondo magico popolato da spiriti e creature strane.', 8.6, 'Giappone', 2001),
('Il viaggio di Chihiro', 125, 'Una ragazza si ritrova in un mondo magico popolato da spiriti e creature strane.', 8.6, 'Giappone', 2001),
('Your Name', 106, 'Due giovani si ritrovano a scambiarsi i corpi misteriosamente.', 8.4, 'Giappone', 2016),
('Kimetsu no Yaiba: Mugen Ressha-Hen', 117, 'Tanjiro e i suoi compagni imbarcano un treno infinito in una missione per fermare un demone.', 8.3, 'Giappone', 2020),
('La città incantata', 125, 'Una ragazza si ritrova in un mondo magico popolato da spiriti e creature strane.', 8.6, 'Giappone', 2001),
('Lagaan', 224, 'Un villaggio indiano sfida l''imposta britannica sul grano attraverso una partita di cricket.', 8.1, 'India', 2001),
('3 Idiots', 170, 'Tre amici cercano di sfuggire alla pressione dei genitori e della società.', 8.4, 'India', 2009),
('Dangal', 161, 'La vera storia di un allenatore di wrestling indiano e delle sue figlie atlete.', 8.4, 'India', 2016),
('PK', 153, 'Un extraterrestre curioso si trova in India e pone domande provocatorie sulla religione e la società.', 8.1, 'India', 2014),
('Bajrangi Bhaijaan', 163, 'Un uomo indiano conduce una giovane ragazza pakistana perduta a casa sua.', 8.0, 'India', 2015);

INSERT INTO Tipologia (Film, Genere) VALUES
(1, 1),
(2, 2),
(3, 3),
(4, 4),
(5, 5),
(6, 6),
(7, 7),
(8, 8),
(9, 9),
(10, 10),
(11, 11),
(12, 12),
(13, 13),
(14, 14),
(15, 15),
(16, 16),
(17, 17),
(18, 18),
(19, 19);

INSERT INTO Esclusione (Genere, Abbonamento) VALUES
(1, 'Basic'),
(2, 'Premium'),
(3, 'Pro'),
(4, 'Deluxe'),
(6, 'Basic'),
(7, 'Premium'),
(8, 'Pro'),
(9, 'Deluxe'),
(11, 'Basic'),
(12, 'Premium'),
(13, 'Pro'),
(14, 'Deluxe'),
(16, 'Basic'),
(17, 'Premium'),
(18, 'Pro'),
(19, 'Deluxe');

INSERT INTO Critico (Nome, Cognome, Reputazione) VALUES
('Marco', 'Rossi', 4),
('Giulia', 'Bianchi', 5),
('Paolo', 'Verdi', 3),
('Laura', 'Neri', 5),
('Luca', 'Gialli', 2),
('Chiara', 'Rosa', 4),
('Andrea', 'Blu', 3),
('Sara', 'Verdi', 5),
('Davide', 'Marrone', 1),
('Elisa', 'Celeste', 3);

INSERT INTO RecensioneCritico (Film, Critico, Data, Voto, Testo) VALUES
(1, 1, '2022-05-15', 8.5, 'Un film fantastico con una trama avvincente.'),
(2, 2, '2022-06-20', 9.0, 'Un capolavoro assoluto, merita tutti gli applausi.'),
(3, 3, '2022-07-10', 7.8, 'Una storia commovente, ma con qualche piccolo difetto.'),
(4, 4, '2022-08-05', 8.2, 'Un film ben realizzato, con ottime performance degli attori.'),
(5, 5, '2022-09-12', 6.5, 'Una delusione totale, non allaltezza delle aspettative.'),
(6, 6, '2022-10-18', 8.0, 'Unopera darte visiva, ma la trama poteva essere più approfondita.'),
(7, 7, '2022-11-25', 7.0, 'Una storia interessante, ma con alcune incongruenze.'),
(8, 8, '2022-12-30', 9.5, 'Assolutamente straordinario, da vedere assolutamente.'),
(9, 9, '2023-01-05', 5.5, 'Una delusione, non raccomanderei questo film a nessuno.'),
(10, 10, '2023-02-14', 7.2, 'Un film divertente, ma manca di profondità.');

INSERT INTO Artista (Nome, Cognome, Rilevanza, Ruolo) VALUES
('Leonardo', 'DiCaprio', 4.8, 'Attore'),
('Meryl', 'Streep', 4.7, 'Attore'),
('Martin', 'Scorsese', 5.0, 'Regista'),
('Quentin', 'Tarantino', 4.9, 'Regista'),
('Tom', 'Hanks', 4.6, 'Attore'),
('Steven', 'Spielberg', 4.9, 'Regista'),
('Cate', 'Blanchett', 4.5, 'Attore'),
('Christopher', 'Nolan', 4.8, 'Regista'),
('Brad', 'Pitt', 4.5, 'Attore'),
('Alfred', 'Hitchcock', 4.7, 'Regista'),
('Johnny', 'Depp', 4.6, 'Attore'),
('Francis', 'Ford Coppola', 4.7, 'Regista'),
('Kate', 'Winslet', 4.4, 'Attore'),
('Tim', 'Burton', 4.6, 'Regista'),
('Denzel', 'Washington', 4.5, 'Attore'),
('David', 'Fincher', 4.8, 'Regista'),
('Natalie', 'Portman', 4.4, 'Attore'),
('Clint', 'Eastwood', 4.7, 'Regista'),
('Robert', 'De Niro', 4.7, 'Attore'),
('James', 'Cameron', 4.9, 'Regista'),
('Julia', 'Roberts', 4.5, 'Attore'),
('Quentin', 'Tarantino', 4.9, 'Regista'),
('Jack', 'Nicholson', 4.7, 'Attore'),
('Spike', 'Lee', 4.6, 'Regista'),
('Charlize', 'Theron', 4.4, 'Attore'),
('Roman', 'Polanski', 4.6, 'Regista'),
('Matt', 'Damon', 4.5, 'Attore'),
('Martin', 'Scorsese', 5.0, 'Regista'),
('Harrison', 'Ford', 4.6, 'Attore'),
('George', 'Lucas', 4.7, 'Regista'),
('Emma', 'Stone', 4.3, 'Attore'),
('Christopher', 'Nolan', 4.8, 'Regista'),
('Leonardo', 'DiCaprio', 4.8, 'Attore'),
('Quentin', 'Tarantino', 4.9, 'Regista'),
('Meryl', 'Streep', 4.7, 'Attrice'),
('Steven', 'Spielberg', 4.9, 'Regista'),
('Johnny', 'Depp', 4.6, 'Attore'),
('Tim', 'Burton', 4.6, 'Regista'),
('Kate', 'Winslet', 4.4, 'Attoree'),
('David', 'Fincher', 4.8, 'Regista'),
('Brad', 'Pitt', 4.5, 'Attore'),
('Quentin', 'Tarantino', 4.9, 'Regista'),
('Julia', 'Roberts', 4.5, 'Attore'),
('Clint', 'Eastwood', 4.7, 'Regista'),
('Robert', 'De Niro', 4.7, 'Attore'),
('James', 'Cameron', 4.9, 'Regista');

INSERT INTO Interpretazione (Attore, Film) VALUES
(1, 1),
(2, 2),
(3, 3),
(4, 4),
(5, 5),
(6, 6),
(7, 7),
(8, 8),
(9, 9),
(10, 10),
(1, 2),
(2, 3),
(3, 4),
(4, 5),
(5, 6),
(6, 7),
(7, 8),
(8, 9),
(9, 10),
(10, 1);

INSERT INTO Regia (Regista, Film) VALUES
(1, 1),
(2, 2),
(3, 3),
(4, 4),
(5, 5),
(6, 6),
(7, 7),
(8, 8),
(9, 9),
(10, 10),
(11, 11),
(2, 12),
(3, 13),
(4, 14),
(5, 15),
(6, 16),
(7, 17),
(8, 18),
(9, 10),
(10, 1);

INSERT INTO Premio (Titolo, Categoria, Prestigio) VALUES
('Oscar', 'Film', 5),
('Golden Globe', 'Attore', 4),
('Cannes Film Festival', 'Regista', 5),
('BAFTA', 'Regista', 4),
('Venice Film Festival', 'Film', 5),
('Critics'' Choice Awards', 'Attore', 4),
('Berlin International Film Festival', 'Regista', 5),
('SAG Awards', 'Attore', 4),
('Academy Award', 'Regista', 5),
('Goya Awards', 'Film', 4),
('Oscar', 'Attore', 5),
('Golden Globe', 'Attore', 4),
('Cannes Film Festival', 'Film', 5),
('BAFTA', 'Regista', 4),
('Venice Film Festival', 'Regista', 5),
('Critics'' Choice Awards', 'Film', 4),
('Berlin International Film Festival', 'Film', 5),
('SAG Awards', 'Attore', 4),
('Academy Award', 'Regista', 5),
('Goya Awards', 'Film', 4);

INSERT INTO PremiazioneFilm (TitoloPremio, CategoriaPremio, Film, Data) VALUES
('Oscar', 'Film', 1, '2022-03-27'),
('Golden Globe', 'Film', 2, '2022-01-09'),
('Cannes Film Festival', 'Film', 3, '2022-05-22'),
('BAFTA', 'Film', 4, '2022-02-13'),
('Venice Film Festival', 'Film', 5, '2022-09-10'),
('Critics'' Choice Awards', 'Film', 6, '2022-01-09'),
('Berlin International Film Festival', 'Film', 7, '2022-02-20'),
('SAG Awards', 'Film', 8, '2022-03-14'),
('Academy Award', 'Film', 9, '2022-04-25'),
('Goya Awards', 'Film', 10, '2022-02-06'),
('Oscar', 'Film', 11, '2023-03-27'),
('Golden Globe', 'Film', 12, '2023-01-09'),
('Cannes Film Festival', 'Film', 13, '2023-05-22'),
('BAFTA', 'Film', 14, '2023-02-13'),
('Venice Film Festival', 'Film', 15, '2023-09-10'),
('Critics'' Choice Awards', 'Film', 16, '2023-01-09'),
('Berlin International Film Festival', 'Film', 17, '2023-02-20'),
('SAG Awards', 'Film', 18, '2023-03-14'),
('Academy Award', 'Film', 19, '2023-04-25'),
('Goya Awards', 'Film', 20, '2023-02-06');

INSERT INTO PremiazioneAttore (TitoloPremio, CategoriaPremio, Attore, Data) VALUES
('Oscar', 'Attore', 1, '2022-03-27'),
('Golden Globe', 'Attore', 2, '2022-01-09'),
('Cannes Film Festival', 'Attore', 5, '2022-05-22'),
('BAFTA', 'Attore', 7, '2022-02-13'),
('Venice Film Festival', 'Attore', 9, '2022-09-10'),
('Critics'' Choice Awards', 'Attore', 11, '2022-01-09'),
('Berlin International Film Festival', 'Attore', 13, '2022-02-20'),
('SAG Awards', 'Attore', 15, '2022-03-14'),
('Academy Award', 'Attore', 17, '2022-04-25'),
('Goya Awards', 'Attore', 19, '2022-02-06');

INSERT INTO PremiazioneRegista (TitoloPremio, CategoriaPremio, Regista, Data) VALUES
('Oscar', 'Regista', 3, '2022-03-27'),
('Golden Globe', 'Regista', 4, '2022-01-09'),
('Cannes Film Festival', 'Regista', 6, '2022-05-22'),
('BAFTA', 'Regista', 8, '2022-02-13'),
('Venice Film Festival', 'Regista', 10, '2022-09-10'),
('Critics'' Choice Awards', 'Regista', 12, '2022-01-09'),
('Berlin International Film Festival', 'Regista', 14, '2022-02-20'),
('SAG Awards', 'Regista', 8, '2022-03-14'),
('Academy Award', 'Regista', 3, '2022-04-25'),
('Goya Awards', 'Regista', 10, '2022-02-06');


INSERT INTO Lingua (Idioma) VALUES
('Inglese'),
('Spagnolo'),
('Cinese'),
('Arabo'),
('Portoghese'),
('Bengalese'),
('Russo'),
('Giapponese'),
('Punjabi'),
('Tedesco'),
('Francese'),
('Italiano'),
('Turco'),
('Tamil'),
('Ceco'),
('Svedese'),
('Norvegese'),
('Coreano'),
('Vietnamita'),
('Polacco');
 
 INSERT INTO Formato (Estensione, Famiglia, BitdepthVideo, BitdepthAudio, Risoluzione, RapportoAspetto) VALUES
('mp4', 'MPEG-4', 8, 16, 1080, 1.77),
('mov', 'QuickTime', 10, 24, 2160, 2.39),
('avi', 'Audio Video Interleave', 12, 32, 720, 1.33),
('mkv', 'Matroska', 10, 24, 1440, 1.85),
('wmv', 'Windows Media Video', 8, 16, 480, 1.77),
('flv', 'Flash Video', 10, 24, 1080, 1.77),
('mpeg', 'MPEG', 8, 16, 720, 1.33),
('3gp', '3rd Generation Partnership Project', 8, 16, 720, 1.77),
('rmvb', 'RealMedia Variable Bitrate', 10, 24, 480, 1.33),
('webm', 'WebM', 10, 24, 1080, 1.77),
('ogv', 'Ogg Video', 8, 16, 720, 1.33),
('mxf', 'Material Exchange Format', 10, 24, 1080, 1.77),
('asf', 'Advanced Systems Format', 8, 16, 480, 1.77),
('vob', 'DVD Video Object', 12, 32, 480, 1.33),
('mts', 'AVCHD', 12, 32, 1080, 1.77);

INSERT INTO Contenuto (AnnoUscita, Lunghezza, GrandezzaFile, Bitrate, Film, Formato, CodecVideo, CodecAudio) VALUES
(2018, 120, 2048, 2000, 1, 1, 'H.264', 'AAC'),
(2019, 95, 1800, 1800, 2, 2, 'H.265', 'AAC'),
(2020, 110, 2500, 2200, 3, 3, 'VP9', 'MP3'),
(2017, 130, 2200, 1900, 4, 4, 'MPEG-4', 'AC3'),
(2016, 105, 1900, 1600, 5, 5, 'H.264', 'AAC'),
(2015, 115, 2100, 2000, 6, 6, 'H.265', 'AAC'),
(2014, 100, 2000, 1800, 7, 7, 'VP9', 'MP3'),
(2013, 125, 2400, 2100, 8, 8, 'MPEG-4', 'AC3'),
(2012, 135, 2300, 1700, 9, 9, 'H.264', 'AAC'),
(2011, 95, 1850, 1500, 10, 10, 'H.265', 'AAC'),
(2010, 115, 2150, 1900, 11, 11, 'VP9', 'MP3'),
(2009, 110, 2050, 1750, 12, 12, 'MPEG-4', 'AC3'),
(2008, 120, 2250, 2000, 13, 13, 'H.264', 'AAC'),
(2007, 130, 2350, 2200, 14, 14, 'H.265', 'AAC'),
(2006, 100, 1950, 1800, 15, 15, 'VP9', 'MP3'),
(2018, 120, 2048, 2000, 16, 1, 'H.264', 'AAC'),
(2019, 95, 1800, 1800, 17, 2, 'H.265', 'AAC'),
(2020, 110, 2500, 2200, 18, 3, 'VP9', 'MP3'),
(2017, 130, 2200, 1900, 19, 4, 'MPEG-4', 'AC3'),
(2016, 105, 1900, 1600, 20, 5, 'H.264', 'AAC'),
(2015, 115, 2100, 2000, 21, 6, 'H.265', 'AAC'),
(2014, 100, 2000, 1800, 22, 7, 'VP9', 'MP3'),
(2013, 125, 2400, 2100, 23, 8, 'MPEG-4', 'AC3'),
(2012, 135, 2300, 1700, 24, 9, 'H.264', 'AAC'),
(2011, 95, 1850, 1500, 25, 10, 'H.265', 'AAC'),
(2010, 115, 2150, 1900, 26, 11, 'VP9', 'MP3'),
(2009, 110, 2050, 1750, 27, 12, 'MPEG-4', 'AC3'),
(2008, 120, 2250, 2000, 28, 13, 'H.264', 'AAC'),
(2007, 130, 2350, 2200, 29, 14, 'H.265', 'AAC'),
(2006, 100, 1950, 1800, 30, 15, 'VP9', 'MP3'),
(2018, 120, 2048, 2000, 31, 1, 'H.264', 'AAC'),
(2019, 95, 1800, 1800, 32, 2, 'H.265', 'AAC'),
(2020, 110, 2500, 2200, 33, 3, 'VP9', 'MP3'),
(2017, 130, 2200, 1900, 34, 4, 'MPEG-4', 'AC3'),
(2016, 105, 1900, 1600, 35, 5, 'H.264', 'AAC'),
(2015, 115, 2100, 2000, 36, 6, 'H.265', 'AAC'),
(2014, 100, 2000, 1800, 37, 7, 'VP9', 'MP3'),
(2013, 125, 2400, 2100, 38, 8, 'MPEG-4', 'AC3'),
(2012, 135, 2300, 1700, 39, 9, 'H.264', 'AAC'),
(2011, 95, 1850, 1500, 40, 10, 'H.265', 'AAC');

INSERT INTO Restrizione (Contenuto, AreaGeografica) VALUES
(1, 'Stati Uniti'),
(2, 'Francia'),
(3, 'Regno Unito'),
(4, 'Giappone'),
(5, 'Germania'),
(6, 'India'),
(7, 'Cina'),
(8, 'Italia'),
(9, 'Brasile'),
(10, 'Australia'),
(11, 'Messico'),
(12, 'Spagna'),
(13, 'Canada'),
(14, 'Corea del Sud'),
(15, 'Russia');

INSERT INTO Utente (Nome, Cognome, Nickname, Email, Password, DataNascita, Abbonamento, DataInizioAbbonamento)
VALUES
('Alice', 'Rossi', 'alice94', 'alice94@example.com', 'pwdAlice', '1994-05-12', 'Basic', '2023-01-01'),
('Bob', 'Verdi', 'bobby88', 'bob88@example.com', 'pwdBob', '1988-09-25', 'Pro', '2022-12-15'),
('Charlie', 'Bianchi', 'charlie77', 'charlie77@example.com', 'pwdCharlie', '1977-03-30', 'Ultimate', '2023-02-28'),
('David', 'Neri', 'david02', 'david02@example.com', 'pwdDavid', '2002-11-18', 'Premium', '2023-03-20'),
('Emma', 'Gialli', 'emma85', 'emma85@example.com', 'pwdEmma', '1985-07-09', 'Deluxe', '2023-04-10'),
('Francesco', 'Marroni', 'frank94', 'frank94@example.com', 'pwdFrank', '1994-01-03', NULL, NULL),
('Giulia', 'Azzurri', 'giuly90', 'giuly90@example.com', 'pwdGiuly', '1990-08-22', 'Basic', '2023-05-05'),
('Hannah', 'Bianchi', 'hannah87', 'hannah87@example.com', 'pwdHannah', '1987-06-15', NULL, NULL),
('Ivan', 'Rosa', 'ivan99', 'ivan99@example.com', 'pwdIvan', '1999-04-28', 'Pro', '2023-06-15'),
('Jessica', 'Verdi', 'jessy96', 'jessy96@example.com', 'pwdJessy', '1996-12-10', NULL, NULL),
('Kevin', 'Gialli', 'kev89', 'kev89@example.com', 'pwdKev', '1989-03-18', 'Basic', '2023-07-05'),
('Linda', 'Bianchi', 'linda82', 'linda82@example.com', 'pwdLinda', '1982-11-27', NULL, NULL),
('Marco', 'Verdi', 'marco80', 'marco80@example.com', 'pwdMarco', '1980-09-14', 'Pro', '2023-08-15'),
('Nadia', 'Rosa', 'nadia91', 'nadia91@example.com', 'pwdNadia', '1991-07-01', NULL, NULL),
('Oscar', 'Neri', 'oscar97', 'oscar97@example.com', 'pwdOscar', '1997-02-28', 'Ultimate', '2023-09-20'),
('Paola', 'Gialli', 'paola83', 'paola83@example.com', 'pwdPaola', '1983-05-20', 'Premium', '2023-10-10'),
('Quentin', 'Bianchi', 'quentin92', 'quentin92@example.com', 'pwdQuentin', '1992-04-08', 'Deluxe', '2023-11-05'),
('Rachel', 'Verdi', 'rachel88', 'rachel88@example.com', 'pwdRachel', '1988-08-03', NULL, NULL),
('Sara', 'Rosa', 'sara93', 'sara93@example.com', 'pwdSara', '1993-03-12', 'Basic', '2023-12-15'),
('Tom', 'Neri', 'tom79', 'tom79@example.com', 'pwdTom', '1979-12-25', NULL, NULL),
('Umberto', 'Gialli', 'umberto86', 'umberto86@example.com', 'pwdUmberto', '1986-10-17', 'Pro', '2024-01-20'),
('Valentina', 'Bianchi', 'val94', 'val94@example.com', 'pwdVal', '1994-09-02', NULL, NULL),
('Walter', 'Verdi', 'walter85', 'walter85@example.com', 'pwdWalter', '1985-07-19', 'Basic', '2024-02-15'),
('Xavier', 'Rosa', 'xavier90', 'xavier90@example.com', 'pwdXavier', '1990-06-07', NULL, NULL),
('Yara', 'Gialli', 'yara97', 'yara97@example.com', 'pwdYara', '1997-04-24', 'Pro', '2024-03-10'),
('Zoe', 'Bianchi', 'zoe88', 'zoe88@example.com', 'pwdZoe', '1988-02-11', NULL, NULL),
('Aaron', 'Neri', 'aaron82', 'aaron82@example.com', 'pwdAaron', '1982-11-05', 'Ultimate', '2024-04-15'),
('Bella', 'Rosa', 'bella96', 'bella96@example.com', 'pwdBella', '1996-08-30', 'Premium', '2024-05-20'),
('Carlos', 'Gialli', 'carlos89', 'carlos89@example.com', 'pwdCarlos', '1989-05-17', 'Deluxe', '2024-06-15'),
('Diana', 'Verdi', 'diana91', 'diana91@example.com', 'pwdDiana', '1991-03-03', NULL, NULL),
('Elena', 'Bianchi', 'elena87', 'elena87@example.com', 'pwdElena', '1987-12-20', 'Basic', '2024-07-05'),
('Federico', 'Rosa', 'fede89', 'fede89@example.com', 'pwdFede', '1989-10-08', NULL, NULL),
('Gloria', 'Gialli', 'gloria92', 'gloria92@example.com', 'pwdGloria', '1992-09-24', 'Pro', '2024-08-15'),
('Hector', 'Verdi', 'hector85', 'hector85@example.com', 'pwdHector', '1985-07-11', NULL, NULL),
('Ines', 'Neri', 'ines88', 'ines88@example.com', 'pwdInes', '1988-05-29', 'Ultimate', '2024-09-20'),
('Jennifer', 'Rosa', 'jenny94', 'jenny94@example.com', 'pwdJenny', '1994-04-14', 'Premium', '2024-10-10'),
('Kevin', 'Gialli', 'kevin97', 'kevin97@example.com', 'pwdKevin', '1997-02-02', 'Deluxe', '2024-11-05'),
('Laura', 'Verdi', 'laura86', 'laura86@example.com', 'pwdLaura', '1986-12-19', NULL, NULL),
('Matteo', 'Bianchi', 'matt99', 'matt99@example.com', 'pwdMatt', '1999-10-05', 'Basic', '2024-12-15'),
('Nina', 'Rosa', 'nina88', 'nina88@example.com', 'pwdNina', '1988-08-21', NULL, NULL),
('Oscar', 'Gialli', 'oscar92', 'oscar92@example.com', 'pwdOscar', '1992-06-07', 'Pro', '2025-01-20'),
('Paula', 'Verdi', 'paula87', 'paula87@example.com', 'pwdPaula', '1987-04-26', NULL, NULL),
('Quinn', 'Neri', 'quinn93', 'quinn93@example.com', 'pwdQuinn', '1993-02-10', 'Ultimate', '2025-02-15'),
('Rebecca', 'Rosa', 'rebecca95', 'rebecca95@example.com', 'pwdRebecca', '1995-12-25', 'Premium', '2025-03-20'),
('Samuel', 'Gialli', 'sam99', 'sam99@example.com', 'pwdSamuel', '1999-10-01', 'Deluxe', '2025-04-10'),
('Tina', 'Verdi', 'tina91', 'tina91@example.com', 'pwdTina', '1991-08-15', NULL, NULL),
('Ugo', 'Bianchi', 'ugo88', 'ugo88@example.com', 'pwdUgo', '1988-06-29', 'Basic', '2025-05-05'),
('Viviana', 'Rosa', 'vivi90', 'vivi90@example.com', 'pwdVivi', '1990-05-16', NULL, NULL),
('William', 'Gialli', 'will85', 'will85@example.com', 'pwdWilliam', '1985-04-02', 'Pro', '2025-06-15'),
('Xena', 'Verdi', 'xena97', 'xena97@example.com', 'pwdXena', '1997-03-18', NULL, NULL),
('Yasmine', 'Neri', 'yassy94', 'yassy94@example.com', 'pwdYassy', '1994-01-02', 'Ultimate', '2025-07-20'),
('Zac', 'Rosa', 'zac89', 'zac89@example.com', 'pwdZac', '1989-11-15', 'Premium', '2025-08-10'),
('Adam', 'Gialli', 'adam96', 'adam96@example.com', 'pwdAdam', '1996-09-30', 'Deluxe', '2025-09-05'),
('Bianca', 'Verdi', 'bianca99', 'bianca99@example.com', 'pwdBianca', '1999-08-14', NULL, NULL),
('Carla', 'Bianchi', 'carla92', 'carla92@example.com', 'pwdCarla', '1992-07-01', 'Basic', '2025-10-15'),
('Diego', 'Rosa', 'diego94', 'diego94@example.com', 'pwdDiego', '1994-05-18', NULL, NULL),
('Eva', 'Gialli', 'eva90', 'eva90@example.com', 'pwdEva', '1990-03-04', 'Pro', '2025-11-15'),
('Fernando', 'Verdi', 'fern95', 'fern95@example.com', 'pwdFern', '1995-01-19', NULL, NULL),
('Gemma', 'Neri', 'gemma93', 'gemma93@example.com', 'pwdGemma', '1993-12-05', 'Ultimate', '2025-12-20'),
('Hugo', 'Rosa', 'hugo88', 'hugo88@example.com', 'pwdHugo', '1988-10-20', 'Premium', '2026-01-10'),
('Irene', 'Gialli', 'irene91', 'irene91@example.com', 'pwdIrene', '1991-08-05', 'Deluxe', '2026-02-05'),
('Jack', 'Verdi', 'jack99', 'jack99@example.com', 'pwdJack', '1999-06-18', NULL, NULL),
('Kelly', 'Bianchi', 'kelly97', 'kelly97@example.com', 'pwdKelly', '1997-04-02', 'Basic', '2026-03-15'),
('Luca', 'Rosa', 'luca94', 'luca94@example.com', 'pwdLuca', '1994-02-15', NULL, NULL),
('Monica', 'Gialli', 'monica96', 'monica96@example.com', 'pwdMonica', '1996-12-30', 'Pro', '2026-04-20'),
('Nathan', 'Verdi', 'nathan91', 'nathan91@example.com', 'pwdNathan', '1991-10-13', NULL, NULL),
('Olivia', 'Neri', 'olivia88', 'olivia88@example.com', 'pwdOlivia', '1988-08-28', 'Ultimate', '2026-05-10'),
('Peter', 'Rosa', 'peter85', 'peter85@example.com', 'pwdPeter', '1985-07-11', 'Premium', '2026-06-15'),
('Quincy', 'Gialli', 'quincy96', 'quincy96@example.com', 'pwdQuincy', '1996-05-25', 'Deluxe', '2026-07-05'),
('Rose', 'Verdi', 'rose89', 'rose89@example.com', 'pwdRose', '1989-03-10', NULL, NULL),
('Samantha', 'Bianchi', 'sammy93', 'sammy93@example.com', 'pwdSamantha', '1993-01-25', 'Basic', '2026-08-15'),
('Tommy', 'Rosa', 'tommy90', 'tommy90@example.com', 'pwdTommy', '1990-11-08', NULL, NULL),
('Umberto', 'Gialli', 'umberto87', 'umberto87@example.com', 'pwdUmberto', '1987-09-23', 'Pro', '2026-09-20'),
('Vanessa', 'Verdi', 'vanessa94', 'vanessa94@example.com', 'pwdVanessa', '1994-07-06', NULL, NULL),
('William', 'Neri', 'willie99', 'willie99@example.com', 'pwdWillie', '1999-05-21', 'Ultimate', '2026-10-10'),
('Ximena', 'Rosa', 'ximena97', 'ximena97@example.com', 'pwdXimena', '1997-04-04', 'Premium', '2026-11-05'),
('Yves', 'Gialli', 'yves95', 'yves95@example.com', 'pwdYves', '1995-02-17', 'Deluxe', '2026-12-15'),
('Zara', 'Verdi', 'zara90', 'zara90@example.com', 'pwdZara', '1990-12-30', NULL, NULL),
('Adam', 'Bianchi', 'adam88', 'adam88@example.com', 'pwdAdam', '1988-11-14', 'Basic', '2027-01-20'),
('Bianca', 'Rosa', 'bianca96', 'bianca96@example.com', 'pwdBianca', '1996-09-29', NULL, NULL),
('Carlo', 'Gialli', 'carlo91', 'carlo91@example.com', 'pwdCarlo', '1991-07-14', 'Pro', '2027-02-15'),
('Dora', 'Verdi', 'dora93', 'dora93@example.com', 'pwdDora', '1993-05-28', NULL, NULL),
('Elena', 'Neri', 'elena95', 'elena95@example.com', 'pwdElena', '1995-04-12', 'Ultimate', '2027-03-20'),
('Fabio', 'Rosa', 'fabio90', 'fabio90@example.com', 'pwdFabio', '1990-02-26', 'Premium', '2027-04-10'),
('Giulia', 'Gialli', 'giuly97', 'giuly97@example.com', 'pwdGiuly', '1997-12-11', 'Deluxe', '2027-05-05'),
('Hugo', 'Verdi', 'hugo89', 'hugo89@example.com', 'pwdHugo', '1989-10-26', NULL, NULL),
('Ivana', 'Bianchi', 'ivana92', 'ivana92@example.com', 'pwdIvana', '1992-09-09', 'Basic', '2027-06-15'),
('Jasmine', 'Rosa', 'jazzy88', 'jazzy88@example.com', 'pwdJazzy', '1988-07-24', NULL, NULL),
('Kevin', 'Gialli', 'kev91', 'kev91@example.com', 'pwdKev', '1991-05-08', 'Pro', '2027-07-20'),
('Laura', 'Verdi', 'lala95', 'lala95@example.com', 'pwdLala', '1995-03-22', NULL, NULL),
('Matteo', 'Neri', 'matt94', 'matt94@example.com', 'pwdMatt', '1994-12-06', 'Ultimate', '2027-08-10'),
('Nadia', 'Rosa', 'nadia87', 'nadia87@example.com', 'pwdNadia', '1987-09-20', 'Premium', '2027-09-05'),
('Oscar', 'Gialli', 'oscar90', 'oscar90@example.com', 'pwdOscar', '1990-07-05', 'Deluxe', '2027-10-15'),
('Paola', 'Verdi', 'paola92', 'paola92@example.com', 'pwdPaola', '1992-05-19', NULL, NULL),
('Quentin', 'Bianchi', 'quentin95', 'quentin95@example.com', 'pwdQuentin', '1995-04-03', 'Basic', '2027-11-20'),
('Rachel', 'Rosa', 'rachel90', 'rachel90@example.com', 'pwdRachel', '1990-02-16', NULL, NULL),
('Sara', 'Gialli', 'sara93', 'sara93@example.com', 'pwdSara', '1993-12-31', 'Pro', '2027-12-15'),
('Tom', 'Verdi', 'tom87', 'tom87@example.com', 'pwdTom', '1987-11-14', NULL, NULL),
('Umberto', 'Neri', 'umberto89', 'umberto89@example.com', 'pwdUmberto', '1989-09-29', 'Ultimate', '2028-01-20'),
('Valentina', 'Rosa', 'val94', 'val94@example.com', 'pwdVal', '1994-08-12', 'Premium', '2028-02-10'),
('Walter', 'Gialli', 'walter91', 'walter91@example.com', 'pwdWalter', '1991-06-25', 'Deluxe', '2028-03-05'),
('Xavier', 'Verdi', 'xavier96', 'xavier96@example.com', 'pwdXavier', '1996-05-09', NULL, NULL),
('Yara', 'Bianchi', 'yara93', 'yara93@example.com', 'pwdYara', '1993-03-24', 'Basic', '2028-04-15'),
('Zoe', 'Rosa', 'zoe90', 'zoe90@example.com', 'pwdZoe', '1990-01-07', NULL, NULL);

INSERT INTO Funzionalita (Nome, Descrizione) VALUES
('Guarda offline', 'Permette agli utenti di scaricare contenuti per la visualizzazione offline.'),
('Streaming simultaneo', 'Consente agli utenti di effettuare lo streaming di contenuti su più dispositivi contemporaneamente.'),
('Accesso multi-profilo', 'Permette agli utenti di creare più profili sotto lo stesso account.'),
('Contenuti esclusivi', 'Offre ai sottoscrittori accesso a contenuti che non sono disponibili per gli utenti non registrati.'),
('Ricerca avanzata', 'Fornisce agli utenti strumenti avanzati per cercare e filtrare i contenuti.'),
('Guarda trailer', 'Permette agli utenti di visualizzare i trailer dei film e delle serie TV disponibili.'),
('Visualizzazione senza pubblicità', 'Offre agli abbonati la possibilità di guardare i contenuti senza interruzioni pubblicitarie.'),
('Guarda in anteprima', 'Consente agli utenti di accedere in anteprima ai nuovi film e alle nuove serie TV prima della loro uscita ufficiale.');

INSERT INTO Offerta (Abbonamento, Funzionalita) VALUES
('Basic', 'Guarda offline'),
('Basic', 'Qualità video 4K'),
('Basic', 'Streaming simultaneo'),
('Pro', 'Guarda offline'),
('Pro', 'Qualità video 4K'),
('Pro', 'Streaming simultaneo'),
('Pro', 'Accesso multi-profilo'),
('Ultimate', 'Guarda offline'),
('Ultimate', 'Qualità video 4K'),
('Ultimate', 'Streaming simultaneo'),
('Ultimate', 'Accesso multi-profilo'),
('Ultimate', 'Contenuti esclusivi'),
('Premium', 'Guarda offline'),
('Premium', 'Qualità video 4K'),
('Premium', 'Streaming simultaneo'),
('Premium', 'Accesso multi-profilo'),
('Premium', 'Contenuti esclusivi'),
('Premium', 'Ricerca avanzata'),
('Premium', 'Guarda trailer'),
('Premium', 'Visualizzazione senza pubblicità'),
('Premium', 'Guarda in anteprima'),
('Premium', 'Raccomandazioni personalizzate');

INSERT INTO CartaDiCredito (PAN, CVV, MeseScadenza, AnnoScadenza, NomeIntestatario, CognomeIntestatario, Utente) VALUES
(4111111111111111, 123, 10, 2025, 'Mario', 'Rossi', 1),
(4222222222222222, 234, 11, 2025, 'Luca', 'Bianchi', 2),
(4333333333333333, 345, 12, 2025, 'Giulia', 'Verdi', 3),
(4444444444444444, 456, 1, 2026, 'Giorgio', 'Neri', 4),
(4555555555555555, 567, 2, 2026, 'Paola', 'Gialli', 5),
(4666666666666666, 678, 3, 2026, 'Giovanni', 'Verdi', 6),
(4777777777777777, 789, 4, 2026, 'Maria', 'Bianchi', 7),
(4888888888888888, 890, 5, 2026, 'Lorenzo', 'Rosa', 8),
(4999999999999999, 901, 6, 2026, 'Chiara', 'Gialli', 9),
(5111111111111111, 123, 7, 2026, 'Alessandro', 'Neri', 10),
(5222222222222222, 234, 8, 2026, 'Martina', 'Rossi', 11),
(5333333333333333, 345, 9, 2026, 'Francesco', 'Bianchi', 12),
(5444444444444444, 456, 10, 2026, 'Sofia', 'Verdi', 13),
(5555555555555555, 567, 11, 2026, 'Elena', 'Gialli', 14),
(5666666666666666, 678, 12, 2026, 'Matteo', 'Rosa', 15),
(5777777777777777, 789, 1, 2027, 'Giulia', 'Neri', 16),
(5888888888888888, 890, 2, 2027, 'Luigi', 'Rossi', 17),
(5999999999999999, 901, 3, 2027, 'Anna', 'Bianchi', 18),
(6111111111111111, 123, 4, 2027, 'Marco', 'Verdi', 19),
(6222222222222222, 234, 5, 2027, 'Laura', 'Gialli', 20),
(6333333333333333, 345, 6, 2027, 'Giacomo', 'Rosa', 21),
(6444444444444444, 456, 7, 2027, 'Chiara', 'Neri', 22),
(6555555555555555, 567, 8, 2027, 'Gabriele', 'Rossi', 23),
(6666666666666666, 678, 9, 2027, 'Eleonora', 'Bianchi', 24),
(6777777777777777, 789, 10, 2027, 'Simone', 'Verdi', 25),
(6888888888888888, 890, 11, 2027, 'Silvia', 'Gialli', 26),
(6999999999999999, 901, 12, 2027, 'Davide', 'Rosa', 27),
(7111111111111111, 123, 1, 2028, 'Alessia', 'Neri', 28),
(7222222222222222, 234, 2, 2028, 'Daniele', 'Rossi', 29),
(7333333333333333, 345, 3, 2028, 'Valentina', 'Bianchi', 30),
(7444444444444444, 456, 4, 2028, 'Federico', 'Verdi', 31);

INSERT INTO Fattura (DataEmissione, Quota, DataScadenza, DataPagamento, Utente, CartaPAN, CartaCVV, CartaMese, CartaAnno) VALUES
('2024-01-01', 50, '2024-02-01', '2024-01-20', 1, 4111111111111111, 123, 10, 2025),
('2024-01-02', 60, '2024-02-02', '2024-01-21', 2, 4222222222222222, 234, 11, 2025),
('2024-01-03', 70, '2024-02-03', NULL, 3, NULL, NULL, NULL, NULL),
('2024-01-04', 80, '2024-02-04', '2024-01-22', 4, 4333333333333333, 345, 12, 2025),
('2024-01-05', 90, '2024-02-05', NULL, 5, NULL, NULL, NULL, NULL),
('2024-01-06', 100, '2024-02-06', NULL, 6, NULL, NULL, NULL, NULL),
('2024-01-07', 110, '2024-02-07', '2024-01-23', 7, 4444444444444444, 456, 1, 2026),
('2024-01-08', 120, '2024-02-08', NULL, 8, NULL, NULL, NULL, NULL),
('2024-01-09', 130, '2024-02-09', NULL, 9, NULL, NULL, NULL, NULL),
('2024-01-10', 140, '2024-02-10', NULL, 10, NULL, NULL, NULL, NULL),
('2024-01-11', 150, '2024-02-11', NULL, 11, NULL, NULL, NULL, NULL),
('2024-01-12', 160, '2024-02-12', '2024-01-24', 12, 4555555555555555, 567, 2, 2026),
('2024-01-13', 170, '2024-02-13', NULL, 13, NULL, NULL, NULL, NULL),
('2024-01-14', 180, '2024-02-14', NULL, 14, NULL, NULL, NULL, NULL),
('2024-01-15', 190, '2024-02-15', NULL, 15, NULL, NULL, NULL, NULL),
('2024-01-16', 200, '2024-02-16', NULL, 16, NULL, NULL, NULL, NULL),
('2024-01-17', 210, '2024-02-17', '2024-01-25', 17, 4666666666666666, 678, 3, 2026),
('2024-01-18', 220, '2024-02-18', NULL, 18, NULL, NULL, NULL, NULL),
('2024-01-19', 230, '2024-02-19', '2024-01-26', 19, 4777777777777777, 789, 4, 2026),
('2024-01-20', 240, '2024-02-20', NULL, 20, NULL, NULL, NULL, NULL),
('2024-01-21', 250, '2024-02-21', NULL, 21, NULL, NULL, NULL, NULL),
('2024-01-22', 260, '2024-02-22', NULL, 22, NULL, NULL, NULL, NULL),
('2024-01-23', 270, '2024-02-23', NULL, 23, NULL, NULL, NULL, NULL),
('2024-01-24', 280, '2024-02-24', '2024-01-27', 24, 4888888888888888, 890, 5, 2026),
('2024-01-25', 290, '2024-02-25', NULL, 25, NULL, NULL, NULL, NULL),
('2024-01-26', 300, '2024-02-26', NULL, 26, NULL, NULL, NULL, NULL),
('2024-01-27', 310, '2024-02-27', NULL, 27, NULL, NULL, NULL, NULL),
('2024-01-28', 320, '2024-02-28', '2024-01-28', 28, 4999999999999999, 901, 6, 2026),
('2024-01-29', 330, '2024-02-29', NULL, 29, NULL, NULL, NULL, NULL),
('2024-01-30', 340, '2024-02-30', NULL, 30, NULL, NULL, NULL, NULL),
('2024-01-31', 350, '2024-02-31', NULL, 31, NULL, NULL, NULL, NULL),
('2024-02-01', 360, '2024-02-01', '2024-01-29', 32, 5111111111111111, 123, 7, 2026),
('2024-02-02', 370, '2024-02-02', NULL, 33, NULL, NULL, NULL, NULL),
('2024-02-03', 380, '2024-02-03', NULL, 34, NULL, NULL, NULL, NULL),
('2024-02-04', 390, '2024-02-04', NULL, 35, NULL, NULL, NULL, NULL),
('2024-02-05', 400, '2024-02-05', NULL, 36, NULL, NULL, NULL, NULL),
('2024-02-06', 410, '2024-02-06', '2024-01-30', 37, 5222222222222222, 234, 8, 2026),
('2024-02-07', 420, '2024-02-07', NULL, 38, NULL, NULL, NULL, NULL),
('2024-02-08', 430, '2024-02-08', NULL, 39, NULL, NULL, NULL, NULL),
('2024-02-09', 440, '2024-02-09', NULL, 40, NULL, NULL, NULL, NULL),
('2024-02-10', 450, '2024-02-10', NULL, 41, NULL, NULL, NULL, NULL),
('2024-02-11', 460, '2024-02-11', NULL, 42, NULL, NULL, NULL, NULL),
('2024-02-12', 470, '2024-02-12', NULL, 43, NULL, NULL, NULL, NULL),
('2024-02-13', 480, '2024-02-13', NULL, 44, NULL, NULL, NULL, NULL),
('2024-02-14', 490, '2024-02-14', NULL, 45, NULL, NULL, NULL, NULL),
('2024-02-15', 500, '2024-02-15', '2024-01-31', 46, 5333333333333333, 345, 9, 2026),
('2024-02-16', 510, '2024-02-16', NULL, 47, NULL, NULL, NULL, NULL),
('2024-02-17', 520, '2024-02-17', NULL, 48, NULL, NULL, NULL, NULL),
('2024-02-18', 530, '2024-02-18', NULL, 49, NULL, NULL, NULL, NULL),
('2024-02-19', 540, '2024-02-19', '2024-02-01', 50, 5444444444444444, 456, 10, 2026);

INSERT INTO Doppiaggio (Contenuto, Lingua) VALUES
(1, 'Italiano'),
(2, 'Francese'),
(3, 'Spagnolo'),
(4, 'Tedesco'),
(5, 'Portoghese'),
(6, 'Giapponese'),
(7, 'Cinese'),
(8, 'Russo'),
(9, 'Coreano'),
(10, 'Arabo'),
(11, 'Olandese'),
(12, 'Svedese'),
(13, 'Polacco'),
(14, 'Turco'),
(15, 'Greco'),
(16, 'Danese'),
(17, 'Norvegese'),
(18, 'Finlandese'),
(19, 'Ungherese'),
(20, 'Ceco');

INSERT INTO Sottotitolaggio (Contenuto, Lingua) VALUES
(1, 'Italiano'),
(2, 'Francese'),
(3, 'Spagnolo'),
(4, 'Tedesco'),
(5, 'Portoghese'),
(6, 'Giapponese'),
(7, 'Cinese'),
(8, 'Russo'),
(9, 'Coreano'),
(10, 'Arabo'),
(11, 'Olandese'),
(12, 'Svedese'),
(13, 'Polacco'),
(14, 'Turco'),
(15, 'Greco'),
(16, 'Danese'),
(17, 'Norvegese'),
(18, 'Finlandese'),
(19, 'Ungherese'),
(20, 'Ceco');

INSERT INTO RecensioneUtente (Utente, Film, Data, Voto, Testo) VALUES
(1, 1, '2022-01-01', 8.5, 'Mi è piaciuto molto il film, lo consiglio vivamente.'),
(2, 2, '2022-01-02', 7.2, NULL),
(3, 3, '2022-01-03', 9.0, 'Uno dei migliori film che abbia mai visto.'),
(4, 4, '2022-01-04', 6.8, 'Un film interessante ma non eccezionale.'),
(5, 5, '2022-01-05', 8.3, NULL),
(6, 6, '2022-01-06', 7.5, 'Una storia emozionante, ma forse un po\' scontata.'),
(7, 7, '2022-01-07', 9.5, 'Un capolavoro assoluto.'),
(8, 8, '2022-01-08', 6.0, NULL),
(9, 9, '2022-01-09', 7.9, 'Ho apprezzato molto la recitazione degli attori.'),
(10, 10, '2022-01-10', 8.7, 'Un film coinvolgente dalla prima all\'ultima scena.'),
(11, 11, '2022-01-11', 7.3, NULL),
(12, 12, '2022-01-12', 9.2, 'Storia avvincente e personaggi ben sviluppati.'),
(13, 13, '2022-01-13', 8.1, NULL),
(14, 14, '2022-01-14', 6.5, 'Non è stato esattamente quello che mi aspettavo.'),
(15, 15, '2022-01-15', 7.7, 'Buon film, ma niente di straordinario.'),
(16, 16, '2022-01-16', 8.9, NULL),
(17, 17, '2022-01-17', 9.3, 'Meravigliosa storia, ottima regia.'),
(18, 18, '2022-01-18', 7.0, NULL),
(19, 19, '2022-01-19', 8.4, 'Mi ha lasciato con molte domande.'),
(20, 20, '2022-01-20', 7.8, 'Una piacevole sorpresa.'),
(21, 21, '2022-01-21', 8.6, NULL),
(22, 22, '2022-01-22', 6.9, 'Interessante ma un po\' lento.'),
(23, 23, '2022-01-23', 9.1, 'Assolutamente da vedere.'),
(24, 24, '2022-01-24', 7.6, 'Mi ha emozionato.'),
(25, 25, '2022-01-25', 8.0, NULL),
(26, 26, '2022-01-26', 9.4, 'Uno dei migliori film degli ultimi anni.'),
(27, 27, '2022-01-27', 6.7, 'Mi aspettavo di più.'),
(28, 28, '2022-01-28', 8.2, 'Ben realizzato, ma non eccezionale.'),
(29, 29, '2022-01-29', 7.4, NULL),
(30, 30, '2022-01-30', 8.8, 'Una sorpresa davvero piacevole.');

INSERT INTO Connessione (Utente, IP, Inizio, Stato, Hardware, Fine) VALUES
(1, 1234567890, '2022-01-01 08:00:00', 'Italia', 'PC', '2022-01-01 08:30:00'),
(2, 2345678901, '2022-01-01 09:00:00', 'Francia', 'MacBook', '2022-01-01 09:45:00'),
(3, 3456789012, '2022-01-01 10:00:00', 'Spagna', 'iPhone', '2022-01-01 10:20:00'),
(4, 4567890123, '2022-01-01 11:00:00', 'Germania', 'Samsung Galaxy', '2022-01-01 11:35:00'),
(5, 5678901234, '2022-01-01 12:00:00', 'Portogallo', 'Dell', '2022-01-01 12:10:00'),
(6, 6789012345, '2022-01-01 13:00:00', 'Giappone', 'HP', '2022-01-01 13:25:00'),
(7, 7890123456, '2022-01-01 14:00:00', 'Cina', 'Lenovo', '2022-01-01 14:15:00'),
(8, 8901234567, '2022-01-01 15:00:00', 'Russia', 'Acer', '2022-01-01 15:40:00'),
(9, 9012345678, '2022-01-01 16:00:00', 'Corea del Sud', 'ASUS', '2022-01-01 16:55:00'),
(10, 1012345678, '2022-01-01 17:00:00', 'Emirati Arabi Uniti', 'MacBook Pro', '2022-01-01 17:30:00'),
(11, 1111111111, '2022-01-02 08:00:00', 'Olanda', 'iPhone', '2022-01-02 08:20:00'),
(12, 2222222222, '2022-01-02 09:00:00', 'Svezia', 'Samsung Galaxy', '2022-01-02 09:40:00'),
(13, 3333333333, '2022-01-02 10:00:00', 'Polonia', 'Dell', '2022-01-02 10:15:00'),
(14, 4444444444, '2022-01-02 11:00:00', 'Turchia', 'HP', '2022-01-02 11:50:00'),
(15, 5555555555, '2022-01-02 12:00:00', 'Grecia', 'Lenovo', '2022-01-02 12:25:00'),
(16, 6666666666, '2022-01-02 13:00:00', 'Danimarca', 'Acer', '2022-01-02 13:35:00'),
(17, 7777777777, '2022-01-02 14:00:00', 'Norvegia', 'ASUS', '2022-01-02 14:45:00'),
(18, 8888888888, '2022-01-02 15:00:00', 'Finlandia', 'MacBook Pro', '2022-01-02 15:55:00'),
(19, 9999999999, '2022-01-02 16:00:00', 'Ungheria', 'iPhone', '2022-01-02 16:10:00'),
(20, 1212121212, '2022-01-02 17:00:00', 'Repubblica Ceca', 'Samsung Galaxy', '2022-01-02 17:20:00'),
(21, 1313131313, '2022-01-03 08:00:00', 'Slovacchia', 'Dell', '2022-01-03 08:40:00'),
(22, 1414141414, '2022-01-03 09:00:00', 'Bulgaria', 'HP', '2022-01-03 09:55:00'),
(23, 1515151515, '2022-01-03 10:00:00', 'Catalogna', 'Lenovo', '2022-01-03 10:30:00'),
(24, 1616161616, '2022-01-03 11:00:00', 'Paesi Baschi', 'Acer', '2022-01-03 11:45:00'),
(25, 1717171717, '2022-01-03 12:00:00', 'Israele', 'ASUS', '2022-01-03 12:15:00'),
(26, 1818181818, '2022-01-03 13:00:00', 'India', 'MacBook', '2022-01-03 13:25:00'),
(27, 1919191919, '2022-01-03 14:00:00', 'Giappone', 'iPhone', '2022-01-03 14:35:00'),
(28, 2020202020, '2022-01-03 15:00:00', 'Filippine', 'Samsung Galaxy', '2022-01-03 15:50:00'),
(29, 2121212121, '2022-01-03 16:00:00', 'Malesia', 'Dell', '2022-01-03 16:20:00'),
(30, 2222222222, '2022-01-03 17:00:00', 'Singapore', 'HP', '2022-01-03 17:40:00'),
(31, 2323232323, '2022-01-04 08:00:00', 'Indonesia', 'Lenovo', '2022-01-04 08:10:00');

INSERT INTO Visualizzazione (Utente, IP, Inizio, Stato, Hardware, Contenuto, Accesso) VALUES
(1, 1234567890, '2022-01-01 08:00:00', 'Italia', 'PC', 1, '2022-01-01 08:15:00'),
(2, 2345678901, '2022-01-01 09:00:00', 'Francia', 'MacBook', 2, '2022-01-01 09:25:00'),
(3, 3456789012, '2022-01-01 10:00:00', 'Spagna', 'iPhone', 3, '2022-01-01 10:35:00'),
(4, 4567890123, '2022-01-01 11:00:00', 'Germania', 'Samsung Galaxy', 4, '2022-01-01 11:45:00'),
(5, 5678901234, '2022-01-01 12:00:00', 'Portogallo', 'Dell', 5, '2022-01-01 12:55:00'),
(6, 6789012345, '2022-01-01 13:00:00', 'Giappone', 'HP', 6, '2022-01-01 13:15:00'),
(7, 7890123456, '2022-01-01 14:00:00', 'Cina', 'Lenovo', 7, '2022-01-01 14:25:00'),
(8, 8901234567, '2022-01-01 15:00:00', 'Russia', 'Acer', 8, '2022-01-01 15:35:00'),
(9, 9012345678, '2022-01-01 16:00:00', 'Corea del Sud', 'ASUS', 9, '2022-01-01 16:45:00'),
(10, 1012345678, '2022-01-01 17:00:00', 'Emirati Arabi Uniti', 'MacBook Pro', 10, '2022-01-01 17:55:00'),
(11, 1111111111, '2022-01-02 08:00:00', 'Olanda', 'iPhone', 11, '2022-01-02 08:10:00'),
(12, 2222222222, '2022-01-02 09:00:00', 'Svezia', 'Samsung Galaxy', 12, '2022-01-02 09:20:00'),
(13, 3333333333, '2022-01-02 10:00:00', 'Polonia', 'Dell', 13, '2022-01-02 10:30:00'),
(14, 4444444444, '2022-01-02 11:00:00', 'Turchia', 'HP', 14, '2022-01-02 11:40:00'),
(15, 5555555555, '2022-01-02 12:00:00', 'Grecia', 'Lenovo', 15, '2022-01-02 12:50:00'),
(16, 6666666666, '2022-01-02 13:00:00', 'Danimarca', 'Acer', 16, '2022-01-02 13:55:00'),
(17, 7777777777, '2022-01-02 14:00:00', 'Norvegia', 'ASUS', 17, '2022-01-02 14:05:00'),
(18, 8888888888, '2022-01-02 15:00:00', 'Finlandia', 'MacBook Pro', 18, '2022-01-02 15:20:00'),
(19, 9999999999, '2022-01-02 16:00:00', 'Ungheria', 'iPhone', 19, '2022-01-02 16:30:00'),
(20, 1212121212, '2022-01-02 17:00:00', 'Repubblica Ceca', 'Samsung Galaxy', 20, '2022-01-02 17:40:00'),
(21, 1313131313, '2022-01-03 08:00:00', 'Slovacchia', 'Dell', 21, '2022-01-03 08:50:00'),
(22, 1414141414, '2022-01-03 09:00:00', 'Bulgaria', 'HP', 22, '2022-01-03 09:10:00'),
(23, 1515151515, '2022-01-03 10:00:00', 'Catalogna', 'Lenovo', 23, '2022-01-03 10:35:00'),
(24, 1616161616, '2022-01-03 11:00:00', 'Paesi Baschi', 'Acer', 24, '2022-01-03 11:45:00'),
(25, 1717171717, '2022-01-03 12:00:00', 'Israele', 'ASUS', 25, '2022-01-03 12:55:00'),
(26, 1818181818, '2022-01-03 13:00:00', 'India', 'MacBook', 26, '2022-01-03 13:15:00'),
(27, 1919191919, '2022-01-03 14:00:00', 'Giappone', 'iPhone', 27, '2022-01-03 14:25:00'),
(28, 2020202020, '2022-01-03 15:00:00', 'Filippine', 'Samsung Galaxy', 28, '2022-01-03 15:35:00'),
(29, 2121212121, '2022-01-03 16:00:00', 'Malesia', 'Dell', 29, '2022-01-03 16:45:00'),
(30, 2222222222, '2022-01-03 17:00:00', 'Singapore', 'HP', 30, '2022-01-03 17:55:00'),
(31, 2323232323, '2022-01-04 08:00:00', 'Indonesia', 'Lenovo', 31, '2022-01-04 08:10:00'),
(32, 2424242424, '2022-01-04 09:00:00', 'Sri Lanka', 'Acer', 32, '2022-01-04 09:25:00'),
(33, 2525252525, '2022-01-04 10:00:00', 'Thailandia', 'ASUS', 33, '2022-01-04 10:35:00'),
(34, 2626262626, '2022-01-04 11:00:00', 'Vietnam', 'MacBook Pro', 34, '2022-01-04 11:45:00'),
(35, 2727272727, '2022-01-04 12:00:00', 'Australia', 'iPhone', 35, '2022-01-04 12:50:00'),
(36, 2828282828, '2022-01-04 13:00:00', 'Nuova Zelanda', 'Samsung Galaxy', 36, '2022-01-04 13:55:00'),
(37, 2929292929, '2022-01-04 14:00:00', 'Canada', 'Dell', 37, '2022-01-04 14:15:00'),
(38, 3030303030, '2022-01-04 15:00:00', 'Stati Uniti', 'HP', 38, '2022-01-04 15:25:00'),
(39, 3131313131, '2022-01-04 16:00:00', 'Messico', 'Lenovo', 39, '2022-01-04 16:35:00'),
(40, 3232323232, '2022-01-04 17:00:00', 'Brasile', 'Acer', 40, '2022-01-04 17:45:00'),
(41, 3333333333, '2022-01-05 08:00:00', 'Argentina', 'ASUS', 41, '2022-01-05 08:55:00'),
(42, 3434343434, '2022-01-05 09:00:00', 'Cile', 'MacBook', 42, '2022-01-05 09:25:00'),
(43, 3535353535, '2022-01-05 10:00:00', 'Colombia', 'iPhone', 43, '2022-01-05 10:45:00'),
(44, 3636363636, '2022-01-05 11:00:00', 'Perù', 'Samsung Galaxy', 44, '2022-01-05 11:55:00'),
(45, 3737373737, '2022-01-05 12:00:00', 'Ecuador', 'Dell', 45, '2022-01-05 12:15:00'),
(46, 3838383838, '2022-01-05 13:00:00', 'Venezuela', 'HP', 46, '2022-01-05 13:35:00'),
(47, 3939393939, '2022-01-05 14:00:00', 'Costa Rica', 'Lenovo', 47, '2022-01-05 14:55:00'),
(48, 4040404040, '2022-01-05 15:00:00', 'Panama', 'Acer', 48, '2022-01-05 15:20:00'),
(49, 4141414141, '2022-01-05 16:00:00', 'Uruguay', 'ASUS', 49, '2022-01-05 16:45:00'),
(50, 4242424242, '2022-01-05 17:00:00', 'Paraguay', 'MacBook Pro', 50, '2022-01-05 17:55:00'),
(51, 4343434343, '2022-01-06 08:00:00', 'Guatemala', 'iPhone', 51, '2022-01-06 08:10:00'),
(52, 4444444444, '2022-01-06 09:00:00', 'Honduras', 'Samsung Galaxy', 52, '2022-01-06 09:20:00'),
(53, 4545454545, '2022-01-06 10:00:00', 'El Salvador', 'Dell', 53, '2022-01-06 10:35:00'),
(54, 4646464646, '2022-01-06 11:00:00', 'Nicaragua', 'HP', 54, '2022-01-06 11:45:00'),
(55, 4747474747, '2022-01-06 12:00:00', 'Belize', 'Lenovo', 55, '2022-01-06 12:55:00'),
(56, 4848484848, '2022-01-06 13:00:00', 'Jamaica', 'Acer', 56, '2022-01-06 13:15:00'),
(57, 4949494949, '2022-01-06 14:00:00', 'Bahamas', 'ASUS', 57, '2022-01-06 14:25:00'),
(58, 5050505050, '2022-01-06 15:00:00', 'Barbados', 'MacBook', 58, '2022-01-06 15:35:00'),
(59, 5151515151, '2022-01-06 16:00:00', 'Trinidad e Tobago', 'iPhone', 59, '2022-01-06 16:45:00'),
(60, 5252525252, '2022-01-06 17:00:00', 'Dominica', 'Samsung Galaxy', 60, '2022-01-06 17:55:00');

